,input,input_type,pred1,pred1_source,pred1_api,pred1_pubmed,node1_type,node1_name,node1_id,pred2,pred2_source,pred2_api,pred2_pubmed,output_type,output_name,output_id
0,ACE,Gene,related_to,Translator Text Mining Provider,CORD Gene API,,ChemicalSubstance,CHEBI:25212,CHEBI:CHEBI:25212,related_to,Translator Text Mining Provider,CORD Biological Process API,,ChemicalSubstance,POSITIVE REGULATION OF BLOOD VESSEL SIZE,GO:GO:0042311
1,ACE,Gene,related_to,scigraph,Automat CORD19 Scigraph API,,ChemicalSubstance,CHEBI:25212,CHEBI:CHEBI:25212,related_to,Translator Text Mining Provider,CORD Biological Process API,,ChemicalSubstance,POSITIVE REGULATION OF BLOOD VESSEL SIZE,GO:GO:0042311
2,ACE,Gene,related_to,Translator Text Mining Provider,CORD Gene API,,ChemicalSubstance,CHEBI:18154,CHEBI:CHEBI:18154,related_to,Translator Text Mining Provider,CORD Biological Process API,,ChemicalSubstance,POSITIVE REGULATION OF BLOOD VESSEL SIZE,GO:GO:0042311
3,ACE,Gene,related_to,Translator Text Mining Provider,CORD Gene API,,ChemicalSubstance,CHEBI:80308,CHEBI:CHEBI:80308,related_to,Translator Text Mining Provider,CORD Biological Process API,,ChemicalSubstance,POSITIVE REGULATION OF BLOOD VESSEL SIZE,GO:GO:0042311
4,ACE,Gene,related_to,scigraph,Automat CORD19 Scigraph API,,ChemicalSubstance,CHEBI:80308,CHEBI:CHEBI:80308,related_to,Translator Text Mining Provider,CORD Biological Process API,,ChemicalSubstance,POSITIVE REGULATION OF BLOOD VESSEL SIZE,GO:GO:0042311
5,ACE,Gene,related_to,Translator Text Mining Provider,CORD Gene API,,ChemicalSubstance,CHEBI:38559,CHEBI:CHEBI:38559,related_to,Translator Text Mining Provider,CORD Biological Process API,,ChemicalSubstance,POSITIVE REGULATION OF BLOOD VESSEL SIZE,GO:GO:0042311
6,ACE,Gene,related_to,Translator Text Mining Provider,CORD Gene API,,ChemicalSubstance,CHEBI:53188,CHEBI:CHEBI:53188,related_to,Translator Text Mining Provider,CORD Biological Process API,,ChemicalSubstance,POSITIVE REGULATION OF BLOOD VESSEL SIZE,GO:GO:0042311
7,ACE,Gene,related_to,Translator Text Mining Provider,CORD Gene API,,ChemicalSubstance,CHEBI:35498,CHEBI:CHEBI:35498,related_to,Translator Text Mining Provider,CORD Biological Process API,,ChemicalSubstance,POSITIVE REGULATION OF BLOOD VESSEL SIZE,GO:GO:0042311
8,ACE,Gene,related_to,Translator Text Mining Provider,CORD Gene API,,ChemicalSubstance,CHEBI:22910,CHEBI:CHEBI:22910,related_to,Translator Text Mining Provider,CORD Biological Process API,,ChemicalSubstance,POSITIVE REGULATION OF BLOOD VESSEL SIZE,GO:GO:0042311
9,ACE,Gene,related_to,scigraph,Automat CORD19 Scigraph API,,ChemicalSubstance,CHEBI:24505,CHEBI:CHEBI:24505,related_to,Translator Text Mining Provider,CORD Biological Process API,,ChemicalSubstance,POSITIVE REGULATION OF BLOOD VESSEL SIZE,GO:GO:0042311
10,ACE,Gene,related_to,Translator Text Mining Provider,CORD Gene API,,ChemicalSubstance,CHEBI:23888,CHEBI:CHEBI:23888,related_to,Translator Text Mining Provider,CORD Biological Process API,,ChemicalSubstance,POSITIVE REGULATION OF BLOOD VESSEL SIZE,GO:GO:0042311
11,ACE,Gene,related_to,Translator Text Mining Provider,CORD Gene API,,ChemicalSubstance,CHEBI:37527,CHEBI:CHEBI:37527,related_to,Translator Text Mining Provider,CORD Biological Process API,,ChemicalSubstance,POSITIVE REGULATION OF BLOOD VESSEL SIZE,GO:GO:0042311
12,ACE,Gene,related_to,scigraph,Automat CORD19 Scigraph API,,ChemicalSubstance,CHEBI:37527,CHEBI:CHEBI:37527,related_to,Translator Text Mining Provider,CORD Biological Process API,,ChemicalSubstance,POSITIVE REGULATION OF BLOOD VESSEL SIZE,GO:GO:0042311
13,ACE,Gene,related_to,Translator Text Mining Provider,CORD Gene API,,ChemicalSubstance,CHEBI:77608,CHEBI:CHEBI:77608,related_to,Translator Text Mining Provider,CORD Biological Process API,,ChemicalSubstance,POSITIVE REGULATION OF BLOOD VESSEL SIZE,GO:GO:0042311
14,ACE,Gene,related_to,scigraph,Automat CORD19 Scigraph API,,ChemicalSubstance,CHEBI:80234,CHEBI:CHEBI:80234,related_to,Translator Text Mining Provider,CORD Biological Process API,,ChemicalSubstance,POSITIVE REGULATION OF BLOOD VESSEL SIZE,GO:GO:0042311
15,ACE,Gene,related_to,Translator Text Mining Provider,CORD Gene API,,ChemicalSubstance,CHEBI:51081,CHEBI:CHEBI:51081,related_to,Translator Text Mining Provider,CORD Biological Process API,,ChemicalSubstance,POSITIVE REGULATION OF BLOOD VESSEL SIZE,GO:GO:0042311
16,ACE,Gene,related_to,scigraph,Automat CORD19 Scigraph API,,ChemicalSubstance,CHEBI:50114,CHEBI:CHEBI:50114,related_to,Translator Text Mining Provider,CORD Biological Process API,,ChemicalSubstance,POSITIVE REGULATION OF BLOOD VESSEL SIZE,GO:GO:0042311
17,ACE,Gene,related_to,Translator Text Mining Provider,CORD Gene API,,ChemicalSubstance,CHEBI:24433,CHEBI:CHEBI:24433,related_to,Translator Text Mining Provider,CORD Biological Process API,,ChemicalSubstance,POSITIVE REGULATION OF BLOOD VESSEL SIZE,GO:GO:0042311
18,ACE,Gene,related_to,Translator Text Mining Provider,CORD Gene API,,ChemicalSubstance,CHEBI:25741,CHEBI:CHEBI:25741,related_to,Translator Text Mining Provider,CORD Biological Process API,,ChemicalSubstance,POSITIVE REGULATION OF BLOOD VESSEL SIZE,GO:GO:0042311
19,ACE,Gene,related_to,scigraph,Automat CORD19 Scigraph API,,ChemicalSubstance,CHEBI:26333,CHEBI:CHEBI:26333,related_to,Translator Text Mining Provider,CORD Biological Process API,,ChemicalSubstance,POSITIVE REGULATION OF BLOOD VESSEL SIZE,GO:GO:0042311
20,ACE,Gene,related_to,Translator Text Mining Provider,CORD Gene API,,ChemicalSubstance,CHEBI:36357,CHEBI:CHEBI:36357,related_to,Translator Text Mining Provider,CORD Biological Process API,,ChemicalSubstance,POSITIVE REGULATION OF BLOOD VESSEL SIZE,GO:GO:0042311
21,ACE,Gene,related_to,scigraph,Automat CORD19 Scigraph API,,ChemicalSubstance,CHEBI:26523,CHEBI:CHEBI:26523,related_to,Translator Text Mining Provider,CORD Biological Process API,,ChemicalSubstance,POSITIVE REGULATION OF BLOOD VESSEL SIZE,GO:GO:0042311
22,ACE,Gene,related_to,Translator Text Mining Provider,CORD Gene API,,ChemicalSubstance,CHEBI:33290,CHEBI:CHEBI:33290,related_to,Translator Text Mining Provider,CORD Biological Process API,,ChemicalSubstance,POSITIVE REGULATION OF BLOOD VESSEL SIZE,GO:GO:0042311
23,ACE,Gene,related_to,scigraph,Automat CORD19 Scigraph API,,ChemicalSubstance,CHEBI:22563,CHEBI:CHEBI:22563,related_to,Translator Text Mining Provider,CORD Biological Process API,,ChemicalSubstance,POSITIVE REGULATION OF BLOOD VESSEL SIZE,GO:GO:0042311
24,ACE,Gene,related_to,Translator Text Mining Provider,CORD Gene API,,ChemicalSubstance,CHEBI:38215,CHEBI:CHEBI:38215,related_to,Translator Text Mining Provider,CORD Biological Process API,,ChemicalSubstance,POSITIVE REGULATION OF BLOOD VESSEL SIZE,GO:GO:0042311
25,ACE,Gene,related_to,Translator Text Mining Provider,CORD Gene API,,ChemicalSubstance,CHEBI:50264,CHEBI:CHEBI:50264,related_to,Translator Text Mining Provider,CORD Biological Process API,,ChemicalSubstance,POSITIVE REGULATION OF BLOOD VESSEL SIZE,GO:GO:0042311
26,ACE,Gene,related_to,Translator Text Mining Provider,CORD Gene API,,ChemicalSubstance,CHEBI:24870,CHEBI:CHEBI:24870,related_to,Translator Text Mining Provider,CORD Biological Process API,,ChemicalSubstance,POSITIVE REGULATION OF BLOOD VESSEL SIZE,GO:GO:0042311
27,ACE,Gene,related_to,Translator Text Mining Provider,CORD Gene API,,ChemicalSubstance,CHEBI:35222,CHEBI:CHEBI:35222,related_to,Translator Text Mining Provider,CORD Biological Process API,,ChemicalSubstance,POSITIVE REGULATION OF BLOOD VESSEL SIZE,GO:GO:0042311
28,ACE,Gene,related_to,scigraph,Automat CORD19 Scigraph API,,ChemicalSubstance,CHEBI:35222,CHEBI:CHEBI:35222,related_to,Translator Text Mining Provider,CORD Biological Process API,,ChemicalSubstance,POSITIVE REGULATION OF BLOOD VESSEL SIZE,GO:GO:0042311
29,ACE,Gene,related_to,scigraph,Automat CORD19 Scigraph API,,ChemicalSubstance,CHEBI:35620,CHEBI:CHEBI:35620,related_to,Translator Text Mining Provider,CORD Biological Process API,,ChemicalSubstance,POSITIVE REGULATION OF BLOOD VESSEL SIZE,GO:GO:0042311
30,ACE,Gene,related_to,Translator Text Mining Provider,CORD Gene API,,ChemicalSubstance,CHEBI:48432,CHEBI:CHEBI:48432,related_to,Translator Text Mining Provider,CORD Biological Process API,,ChemicalSubstance,POSITIVE REGULATION OF BLOOD VESSEL SIZE,GO:GO:0042311
31,ACE,Gene,related_to,scigraph,Automat CORD19 Scigraph API,,ChemicalSubstance,CHEBI:48432,CHEBI:CHEBI:48432,related_to,Translator Text Mining Provider,CORD Biological Process API,,ChemicalSubstance,POSITIVE REGULATION OF BLOOD VESSEL SIZE,GO:GO:0042311
32,ACE,Gene,related_to,Translator Text Mining Provider,CORD Gene API,,Gene,7841,HGNC:7841,related_to,Translator Text Mining Provider,CORD Biological Process API,,Gene,POSITIVE REGULATION OF BLOOD VESSEL SIZE,GO:GO:0042311
33,ACE,Gene,related_to,Translator Text Mining Provider,CORD Gene API,,MolecularActivity,MOP:0000569,MOP:MOP:0000569,related_to,Translator Text Mining Provider,CORD Biological Process API,,MolecularActivity,POSITIVE REGULATION OF BLOOD VESSEL SIZE,GO:GO:0042311
34,ACE,Gene,related_to,Translator Text Mining Provider,CORD Gene API,,MolecularActivity,MOP:0000568,MOP:MOP:0000568,related_to,Translator Text Mining Provider,CORD Biological Process API,,MolecularActivity,POSITIVE REGULATION OF BLOOD VESSEL SIZE,GO:GO:0042311
35,ACE,Gene,related_to,Translator Text Mining Provider,CORD Gene API,,MolecularActivity,MOP:0000556,MOP:MOP:0000556,related_to,Translator Text Mining Provider,CORD Biological Process API,,MolecularActivity,POSITIVE REGULATION OF BLOOD VESSEL SIZE,GO:GO:0042311
36,ACE,Gene,related_to,Translator Text Mining Provider,CORD Gene API,,CellularComponent,MAC,GO:GO:0005579,related_to,Translator Text Mining Provider,CORD Biological Process API,,CellularComponent,POSITIVE REGULATION OF BLOOD VESSEL SIZE,GO:GO:0042311
37,ACE,Gene,related_to,Translator Text Mining Provider,CORD Gene API,,CellularComponent,NOR,GO:GO:0005731,related_to,Translator Text Mining Provider,CORD Biological Process API,,CellularComponent,POSITIVE REGULATION OF BLOOD VESSEL SIZE,GO:GO:0042311
38,ACE,Gene,related_to,Translator Text Mining Provider,CORD Gene API,,CellularComponent,SER,GO:GO:0005790,related_to,Translator Text Mining Provider,CORD Biological Process API,,CellularComponent,POSITIVE REGULATION OF BLOOD VESSEL SIZE,GO:GO:0042311
39,ACE,Gene,related_to,Translator Text Mining Provider,CORD Gene API,,CellularComponent,ACTOMYOSIN CONTRACTILE RING,GO:GO:0005826,related_to,Translator Text Mining Provider,CORD Biological Process API,,CellularComponent,POSITIVE REGULATION OF BLOOD VESSEL SIZE,GO:GO:0042311
40,ACE,Gene,related_to,Translator Text Mining Provider,CORD Gene API,,CellularComponent,ANTIBODY,GO:GO:0042571,related_to,Translator Text Mining Provider,CORD Biological Process API,,CellularComponent,POSITIVE REGULATION OF BLOOD VESSEL SIZE,GO:GO:0042311
41,ACE,Gene,functional_association,entrez,MyGene.info API,,CellularComponent,EXTRACELLULAR,GO:GO:0005576,related_to,Translator Text Mining Provider,CORD Biological Process API,,CellularComponent,POSITIVE REGULATION OF BLOOD VESSEL SIZE,GO:GO:0042311
42,ACE,Gene,related_to,Translator Text Mining Provider,CORD Gene API,,MolecularActivity,CALCIUM CHANNEL ACTIVITY,GO:GO:0005262,related_to,Translator Text Mining Provider,CORD Biological Process API,,MolecularActivity,POSITIVE REGULATION OF BLOOD VESSEL SIZE,GO:GO:0042311
43,ACE,Gene,related_to,Translator Text Mining Provider,CORD Gene API,,MolecularActivity,"L-PHENYLALANINE,TETRAHYDROBIOPTERIN:OXYGEN OXIDOREDUCTASE (4-HYDROXYLATING)",GO:GO:0004505,related_to,Translator Text Mining Provider,CORD Biological Process API,,MolecularActivity,POSITIVE REGULATION OF BLOOD VESSEL SIZE,GO:GO:0042311
44,ACE,Gene,related_to,Translator Text Mining Provider,CORD Gene API,,MolecularActivity,KINASE ACTIVITY,GO:GO:0016301,related_to,Translator Text Mining Provider,CORD Biological Process API,,MolecularActivity,POSITIVE REGULATION OF BLOOD VESSEL SIZE,GO:GO:0042311
45,ACE,Gene,related_to,Translator Text Mining Provider,CORD Gene API,,ChemicalSubstance,(-)-CAPTOPRIL,name:(-)-CAPTOPRIL,related_to,Translator Text Mining Provider,CORD Biological Process API,,ChemicalSubstance,POSITIVE REGULATION OF BLOOD VESSEL SIZE,GO:GO:0042311
46,ACE,Gene,related_to,scibite,Automat CORD19 Scibite API,,ChemicalSubstance,(-)-CAPTOPRIL,name:(-)-CAPTOPRIL,related_to,Translator Text Mining Provider,CORD Biological Process API,,ChemicalSubstance,POSITIVE REGULATION OF BLOOD VESSEL SIZE,GO:GO:0042311
47,ACE,Gene,related_to,scigraph,Automat CORD19 Scigraph API,,ChemicalSubstance,(-)-CAPTOPRIL,name:(-)-CAPTOPRIL,related_to,Translator Text Mining Provider,CORD Biological Process API,,ChemicalSubstance,POSITIVE REGULATION OF BLOOD VESSEL SIZE,GO:GO:0042311
48,ACE,Gene,related_to,pharos,Automat PHAROS API,,ChemicalSubstance,(-)-CAPTOPRIL,name:(-)-CAPTOPRIL,related_to,Translator Text Mining Provider,CORD Biological Process API,,ChemicalSubstance,POSITIVE REGULATION OF BLOOD VESSEL SIZE,GO:GO:0042311
49,ACE,Gene,related_to,hmdb,Automat HMDB API,,ChemicalSubstance,(-)-CAPTOPRIL,name:(-)-CAPTOPRIL,related_to,Translator Text Mining Provider,CORD Biological Process API,,ChemicalSubstance,POSITIVE REGULATION OF BLOOD VESSEL SIZE,GO:GO:0042311
50,ACE,Gene,related_to,CHEMBL,OpenTarget API,,ChemicalSubstance,(-)-CAPTOPRIL,name:(-)-CAPTOPRIL,related_to,Translator Text Mining Provider,CORD Biological Process API,,ChemicalSubstance,POSITIVE REGULATION OF BLOOD VESSEL SIZE,GO:GO:0042311
62,ACE,Gene,physically_interacts_with,drugcentral,MyChem.info API,,ChemicalSubstance,(-)-CAPTOPRIL,name:(-)-CAPTOPRIL,related_to,Translator Text Mining Provider,CORD Biological Process API,,ChemicalSubstance,POSITIVE REGULATION OF BLOOD VESSEL SIZE,GO:GO:0042311
63,ACE,Gene,physically_interacts_with,drugbank,MyChem.info API,,ChemicalSubstance,(-)-CAPTOPRIL,name:(-)-CAPTOPRIL,related_to,Translator Text Mining Provider,CORD Biological Process API,,ChemicalSubstance,POSITIVE REGULATION OF BLOOD VESSEL SIZE,GO:GO:0042311
64,ACE,Gene,related_to,scigraph,Automat CORD19 Scigraph API,,ChemicalSubstance,(.)NO,name:(.)NO,related_to,Translator Text Mining Provider,CORD Biological Process API,,ChemicalSubstance,POSITIVE REGULATION OF BLOOD VESSEL SIZE,GO:GO:0042311
65,ACE,Gene,related_to,Translator Text Mining Provider,CORD Gene API,,ChemicalSubstance,NITRATE,name:NITRATE,related_to,Translator Text Mining Provider,CORD Biological Process API,,ChemicalSubstance,POSITIVE REGULATION OF BLOOD VESSEL SIZE,GO:GO:0042311
66,ACE,Gene,physically_interacts_with,SEMMED,SEMMED Gene API,18654024,ChemicalSubstance,(+)-ALDOSTERONE,name:(+)-ALDOSTERONE,related_to,Translator Text Mining Provider,CORD Biological Process API,,ChemicalSubstance,POSITIVE REGULATION OF BLOOD VESSEL SIZE,GO:GO:0042311
67,ACE,Gene,negatively_regulates,SEMMED,SEMMED Gene API,"10937954,1521370",ChemicalSubstance,(+)-ALDOSTERONE,name:(+)-ALDOSTERONE,related_to,Translator Text Mining Provider,CORD Biological Process API,,ChemicalSubstance,POSITIVE REGULATION OF BLOOD VESSEL SIZE,GO:GO:0042311
68,ACE,Gene,negatively_regulated_by,SEMMED,SEMMED Gene API,"10937954,11800411,11800414,201353,29262813,8443481",ChemicalSubstance,(+)-ALDOSTERONE,name:(+)-ALDOSTERONE,related_to,Translator Text Mining Provider,CORD Biological Process API,,ChemicalSubstance,POSITIVE REGULATION OF BLOOD VESSEL SIZE,GO:GO:0042311
69,ACE,Gene,positively_regulated_by,SEMMED,SEMMED Gene API,17903697,ChemicalSubstance,(+)-ALDOSTERONE,name:(+)-ALDOSTERONE,related_to,Translator Text Mining Provider,CORD Biological Process API,,ChemicalSubstance,POSITIVE REGULATION OF BLOOD VESSEL SIZE,GO:GO:0042311
70,ACE,Gene,related_to,Translator Text Mining Provider,CORD Gene API,,ChemicalSubstance,(+)-ALDOSTERONE,name:(+)-ALDOSTERONE,related_to,Translator Text Mining Provider,CORD Biological Process API,,ChemicalSubstance,POSITIVE REGULATION OF BLOOD VESSEL SIZE,GO:GO:0042311
71,ACE,Gene,related_to,scibite,Automat CORD19 Scibite API,,ChemicalSubstance,(+)-ALDOSTERONE,name:(+)-ALDOSTERONE,related_to,Translator Text Mining Provider,CORD Biological Process API,,ChemicalSubstance,POSITIVE REGULATION OF BLOOD VESSEL SIZE,GO:GO:0042311
72,ACE,Gene,related_to,scigraph,Automat CORD19 Scigraph API,,ChemicalSubstance,(+)-ALDOSTERONE,name:(+)-ALDOSTERONE,related_to,Translator Text Mining Provider,CORD Biological Process API,,ChemicalSubstance,POSITIVE REGULATION OF BLOOD VESSEL SIZE,GO:GO:0042311
73,ACE,Gene,related_to,Translator Text Mining Provider,CORD Gene API,,ChemicalSubstance,AG 1343,name:AG 1343,related_to,Translator Text Mining Provider,CORD Biological Process API,,ChemicalSubstance,POSITIVE REGULATION OF BLOOD VESSEL SIZE,GO:GO:0042311
74,ACE,Gene,negatively_regulated_by,SEMMED,SEMMED Gene API,8143302,ChemicalSubstance,ACETYLCHOLINE,name:ACETYLCHOLINE,related_to,Translator Text Mining Provider,CORD Biological Process API,,ChemicalSubstance,POSITIVE REGULATION OF BLOOD VESSEL SIZE,GO:GO:0042311
75,ACE,Gene,related_to,Translator Text Mining Provider,CORD Gene API,,ChemicalSubstance,ANGIOTENSIN,name:ANGIOTENSIN,related_to,Translator Text Mining Provider,CORD Biological Process API,,ChemicalSubstance,POSITIVE REGULATION OF BLOOD VESSEL SIZE,GO:GO:0042311
76,ACE,Gene,related_to,scigraph,Automat CORD19 Scigraph API,,ChemicalSubstance,ANGIOTENSIN,name:ANGIOTENSIN,related_to,Translator Text Mining Provider,CORD Biological Process API,,ChemicalSubstance,POSITIVE REGULATION OF BLOOD VESSEL SIZE,GO:GO:0042311
77,ACE,Gene,related_to,scibite,Automat CORD19 Scibite API,,ChemicalSubstance,ANGIOTENSIN,name:ANGIOTENSIN,related_to,Translator Text Mining Provider,CORD Biological Process API,,ChemicalSubstance,POSITIVE REGULATION OF BLOOD VESSEL SIZE,GO:GO:0042311
80,ACE,Gene,related_to,scigraph,Automat CORD19 Scigraph API,,ChemicalSubstance,ESTRADIOL,name:ESTRADIOL,related_to,Translator Text Mining Provider,CORD Biological Process API,,ChemicalSubstance,POSITIVE REGULATION OF BLOOD VESSEL SIZE,GO:GO:0042311
81,ACE,Gene,related_to,scigraph,Automat CORD19 Scigraph API,,ChemicalSubstance,(O2)(.-),name:(O2)(.-),related_to,Translator Text Mining Provider,CORD Biological Process API,,ChemicalSubstance,POSITIVE REGULATION OF BLOOD VESSEL SIZE,GO:GO:0042311
82,ACE,Gene,physically_interacts_with,SEMMED,SEMMED Gene API,7621982,ChemicalSubstance,(-)-NORADRENALINE,name:(-)-NORADRENALINE,related_to,Translator Text Mining Provider,CORD Biological Process API,,ChemicalSubstance,POSITIVE REGULATION OF BLOOD VESSEL SIZE,GO:GO:0042311
83,ACE,Gene,negatively_regulated_by,SEMMED,SEMMED Gene API,9337215,ChemicalSubstance,(-)-NORADRENALINE,name:(-)-NORADRENALINE,related_to,Translator Text Mining Provider,CORD Biological Process API,,ChemicalSubstance,POSITIVE REGULATION OF BLOOD VESSEL SIZE,GO:GO:0042311
84,ACE,Gene,related_to,Translator Text Mining Provider,CORD Gene API,,ChemicalSubstance,LEAD,name:LEAD,related_to,Translator Text Mining Provider,CORD Biological Process API,,ChemicalSubstance,POSITIVE REGULATION OF BLOOD VESSEL SIZE,GO:GO:0042311
85,ACE,Gene,related_to,scigraph,Automat CORD19 Scigraph API,,ChemicalSubstance,LEAD,name:LEAD,related_to,Translator Text Mining Provider,CORD Biological Process API,,ChemicalSubstance,POSITIVE REGULATION OF BLOOD VESSEL SIZE,GO:GO:0042311
86,ACE,Gene,related_to,Translator Text Mining Provider,CORD Gene API,,ChemicalSubstance,"(R)-8-(3-AMINOPIPERIDIN-1-YL)-7-BUT-2-YNYL-3-METHYL-1-(4-METHYLQUINAZOLIN-2-YLMETHYL)-3,7-DIHYDRO-PURINE-2,6-DIONE","name:(R)-8-(3-AMINOPIPERIDIN-1-YL)-7-BUT-2-YNYL-3-METHYL-1-(4-METHYLQUINAZOLIN-2-YLMETHYL)-3,7-DIHYDRO-PURINE-2,6-DIONE",related_to,Translator Text Mining Provider,CORD Biological Process API,,ChemicalSubstance,POSITIVE REGULATION OF BLOOD VESSEL SIZE,GO:GO:0042311
87,ACE,Gene,related_to,Translator Text Mining Provider,CORD Gene API,,ChemicalSubstance,(BO3)3-,name:(BO3)3-,related_to,Translator Text Mining Provider,CORD Biological Process API,,ChemicalSubstance,POSITIVE REGULATION OF BLOOD VESSEL SIZE,GO:GO:0042311
88,ACE,Gene,physically_interacts_with,SEMMED,SEMMED Gene API,26569234,ChemicalSubstance,"1-((3-(4,7-DIHYDRO-1-METHYL-7-OXO-3-PROPYL-1H-PYRAZOLO(4,3-D)PYRIMIDIN-5-YL)-4-ETHOXYPHENYL)SULFONYL)-4-METHYLPIPERAZINE","name:1-((3-(4,7-DIHYDRO-1-METHYL-7-OXO-3-PROPYL-1H-PYRAZOLO(4,3-D)PYRIMIDIN-5-YL)-4-ETHOXYPHENYL)SULFONYL)-4-METHYLPIPERAZINE",related_to,Translator Text Mining Provider,CORD Biological Process API,,ChemicalSubstance,POSITIVE REGULATION OF BLOOD VESSEL SIZE,GO:GO:0042311
89,ACE,Gene,related_to,Translator Text Mining Provider,CORD Gene API,,ChemicalSubstance,CA(0),name:CA(0),related_to,Translator Text Mining Provider,CORD Biological Process API,,ChemicalSubstance,POSITIVE REGULATION OF BLOOD VESSEL SIZE,GO:GO:0042311
90,ACE,Gene,related_to,scigraph,Automat CORD19 Scigraph API,,ChemicalSubstance,DYNORPHIN A,name:DYNORPHIN A,related_to,Translator Text Mining Provider,CORD Biological Process API,,ChemicalSubstance,POSITIVE REGULATION OF BLOOD VESSEL SIZE,GO:GO:0042311
91,ACE,Gene,negatively_regulates,SEMMED,SEMMED Gene API,19559505,ChemicalSubstance,"2-(3,4-DIHYDROXYPHENYL)ETHYLAMINE","name:2-(3,4-DIHYDROXYPHENYL)ETHYLAMINE",related_to,Translator Text Mining Provider,CORD Biological Process API,,ChemicalSubstance,POSITIVE REGULATION OF BLOOD VESSEL SIZE,GO:GO:0042311
92,ACE,Gene,related_to,Translator Text Mining Provider,CORD Gene API,,ChemicalSubstance,CANDITRAL,name:CANDITRAL,related_to,Translator Text Mining Provider,CORD Biological Process API,,ChemicalSubstance,POSITIVE REGULATION OF BLOOD VESSEL SIZE,GO:GO:0042311
93,ACE,Gene,positively_regulated_by,SEMMED,SEMMED Gene API,"2178449,8049077",ChemicalSubstance,1H-IMIDAZOLE-4-ETHANAMINE,name:1H-IMIDAZOLE-4-ETHANAMINE,related_to,Translator Text Mining Provider,CORD Biological Process API,,ChemicalSubstance,POSITIVE REGULATION OF BLOOD VESSEL SIZE,GO:GO:0042311
94,ACE,Gene,related_to,Translator Text Mining Provider,CORD Gene API,,ChemicalSubstance,CARBON,name:CARBON,related_to,Translator Text Mining Provider,CORD Biological Process API,,ChemicalSubstance,POSITIVE REGULATION OF BLOOD VESSEL SIZE,GO:GO:0042311
95,ACE,Gene,negatively_regulated_by,SEMMED,SEMMED Gene API,28617535,ChemicalSubstance,(CIS-TRANS)-RESVERATROL,name:(CIS-TRANS)-RESVERATROL,related_to,Translator Text Mining Provider,CORD Biological Process API,,ChemicalSubstance,POSITIVE REGULATION OF BLOOD VESSEL SIZE,GO:GO:0042311
96,ACE,Gene,related_to,scibite,Automat CORD19 Scibite API,,ChemicalSubstance,"(13-ALPHA,14-ALPHA)-14,19-DIHYDRO-12,13-DIHYDROXY-20-NORCROTALANAN-11,15-DIONE","name:(13-ALPHA,14-ALPHA)-14,19-DIHYDRO-12,13-DIHYDROXY-20-NORCROTALANAN-11,15-DIONE",related_to,Translator Text Mining Provider,CORD Biological Process API,,ChemicalSubstance,POSITIVE REGULATION OF BLOOD VESSEL SIZE,GO:GO:0042311
97,ACE,Gene,related_to,scigraph,Automat CORD19 Scigraph API,,ChemicalSubstance,"(13-ALPHA,14-ALPHA)-14,19-DIHYDRO-12,13-DIHYDROXY-20-NORCROTALANAN-11,15-DIONE","name:(13-ALPHA,14-ALPHA)-14,19-DIHYDRO-12,13-DIHYDROXY-20-NORCROTALANAN-11,15-DIONE",related_to,Translator Text Mining Provider,CORD Biological Process API,,ChemicalSubstance,POSITIVE REGULATION OF BLOOD VESSEL SIZE,GO:GO:0042311
98,ACE,Gene,related_to,scigraph,Automat CORD19 Scigraph API,,ChemicalSubstance,ARDEPARIN SODIUM,name:ARDEPARIN SODIUM,related_to,Translator Text Mining Provider,CORD Biological Process API,,ChemicalSubstance,POSITIVE REGULATION OF BLOOD VESSEL SIZE,GO:GO:0042311
99,ACE,Gene,related_to,Translator Text Mining Provider,CORD Gene API,,ChemicalSubstance,BRL 14151K,name:BRL 14151K,related_to,Translator Text Mining Provider,CORD Biological Process API,,ChemicalSubstance,POSITIVE REGULATION OF BLOOD VESSEL SIZE,GO:GO:0042311
100,ACE,Gene,negatively_regulated_by,SEMMED,SEMMED Gene API,8738072,ChemicalSubstance,(15S)-PROSTAGLANDIN E2,name:(15S)-PROSTAGLANDIN E2,related_to,Translator Text Mining Provider,CORD Biological Process API,,ChemicalSubstance,POSITIVE REGULATION OF BLOOD VESSEL SIZE,GO:GO:0042311
101,ACE,Gene,physically_interacts_with,SEMMED,SEMMED Gene API,20051258,ChemicalSubstance,(+)-GLUCOSE,name:(+)-GLUCOSE,related_to,Translator Text Mining Provider,CORD Biological Process API,,ChemicalSubstance,POSITIVE REGULATION OF BLOOD VESSEL SIZE,GO:GO:0042311
102,ACE,Gene,negatively_regulates,SEMMED,SEMMED Gene API,20051258,ChemicalSubstance,(+)-GLUCOSE,name:(+)-GLUCOSE,related_to,Translator Text Mining Provider,CORD Biological Process API,,ChemicalSubstance,POSITIVE REGULATION OF BLOOD VESSEL SIZE,GO:GO:0042311
103,ACE,Gene,negatively_regulated_by,SEMMED,SEMMED Gene API,"12829650,15772516",ChemicalSubstance,(+)-GLUCOSE,name:(+)-GLUCOSE,related_to,Translator Text Mining Provider,CORD Biological Process API,,ChemicalSubstance,POSITIVE REGULATION OF BLOOD VESSEL SIZE,GO:GO:0042311
104,ACE,Gene,related_to,Translator Text Mining Provider,CORD Gene API,,ChemicalSubstance,(+)-GLUCOSE,name:(+)-GLUCOSE,related_to,Translator Text Mining Provider,CORD Biological Process API,,ChemicalSubstance,POSITIVE REGULATION OF BLOOD VESSEL SIZE,GO:GO:0042311
105,ACE,Gene,related_to,scigraph,Automat CORD19 Scigraph API,,ChemicalSubstance,(+)-GLUCOSE,name:(+)-GLUCOSE,related_to,Translator Text Mining Provider,CORD Biological Process API,,ChemicalSubstance,POSITIVE REGULATION OF BLOOD VESSEL SIZE,GO:GO:0042311
106,ACE,Gene,related_to,scigraph,Automat CORD19 Scigraph API,,ChemicalSubstance,A TRIACYLGLYCEROL,name:A TRIACYLGLYCEROL,related_to,Translator Text Mining Provider,CORD Biological Process API,,ChemicalSubstance,POSITIVE REGULATION OF BLOOD VESSEL SIZE,GO:GO:0042311
107,ACE,Gene,related_to,Translator Text Mining Provider,CORD Gene API,,ChemicalSubstance,3-(2-AMINOETHYL)-1H-INDOL-5-OL,name:3-(2-AMINOETHYL)-1H-INDOL-5-OL,related_to,Translator Text Mining Provider,CORD Biological Process API,,ChemicalSubstance,POSITIVE REGULATION OF BLOOD VESSEL SIZE,GO:GO:0042311
108,ACE,Gene,related_to,scigraph,Automat CORD19 Scigraph API,,ChemicalSubstance,3-(2-AMINOETHYL)-1H-INDOL-5-OL,name:3-(2-AMINOETHYL)-1H-INDOL-5-OL,related_to,Translator Text Mining Provider,CORD Biological Process API,,ChemicalSubstance,POSITIVE REGULATION OF BLOOD VESSEL SIZE,GO:GO:0042311
109,ACE,Gene,related_to,Translator Text Mining Provider,CORD Gene API,,ChemicalSubstance,6-O-METHYL ERYTHROMYCIN,name:6-O-METHYL ERYTHROMYCIN,related_to,Translator Text Mining Provider,CORD Biological Process API,,ChemicalSubstance,POSITIVE REGULATION OF BLOOD VESSEL SIZE,GO:GO:0042311
110,ACE,Gene,related_to,Translator Text Mining Provider,CORD Gene API,,ChemicalSubstance,ARG-PRO-PRO-GLY-PHE-SER-PRO-PHE-ARG,name:ARG-PRO-PRO-GLY-PHE-SER-PRO-PHE-ARG,related_to,Translator Text Mining Provider,CORD Biological Process API,,ChemicalSubstance,POSITIVE REGULATION OF BLOOD VESSEL SIZE,GO:GO:0042311
111,ACE,Gene,related_to,scibite,Automat CORD19 Scibite API,,ChemicalSubstance,ARG-PRO-PRO-GLY-PHE-SER-PRO-PHE-ARG,name:ARG-PRO-PRO-GLY-PHE-SER-PRO-PHE-ARG,related_to,Translator Text Mining Provider,CORD Biological Process API,,ChemicalSubstance,POSITIVE REGULATION OF BLOOD VESSEL SIZE,GO:GO:0042311
112,ACE,Gene,related_to,scigraph,Automat CORD19 Scigraph API,,ChemicalSubstance,ARG-PRO-PRO-GLY-PHE-SER-PRO-PHE-ARG,name:ARG-PRO-PRO-GLY-PHE-SER-PRO-PHE-ARG,related_to,Translator Text Mining Provider,CORD Biological Process API,,ChemicalSubstance,POSITIVE REGULATION OF BLOOD VESSEL SIZE,GO:GO:0042311
113,ACE,Gene,related_to,hmdb,Automat HMDB API,,ChemicalSubstance,ARG-PRO-PRO-GLY-PHE-SER-PRO-PHE-ARG,name:ARG-PRO-PRO-GLY-PHE-SER-PRO-PHE-ARG,related_to,Translator Text Mining Provider,CORD Biological Process API,,ChemicalSubstance,POSITIVE REGULATION OF BLOOD VESSEL SIZE,GO:GO:0042311
114,ACE,Gene,related_to,Translator Text Mining Provider,CORD Gene API,,ChemicalSubstance,A-84538,name:A-84538,related_to,Translator Text Mining Provider,CORD Biological Process API,,ChemicalSubstance,POSITIVE REGULATION OF BLOOD VESSEL SIZE,GO:GO:0042311
115,ACE,Gene,related_to,SEMMED,SEMMED Gene API,"1338565,8351861",Disease,CARDIAC FAILURE CONGESTIVE,MONDO:MONDO:0005009,related_to,Translator Text Mining Provider,CORD Biological Process API,,Disease,POSITIVE REGULATION OF BLOOD VESSEL SIZE,GO:GO:0042311
116,ACE,Gene,disrupts,SEMMED,SEMMED Gene API,"11067783,12147952,2408250,9337215,9747431",Disease,CARDIAC FAILURE CONGESTIVE,MONDO:MONDO:0005009,related_to,Translator Text Mining Provider,CORD Biological Process API,,Disease,POSITIVE REGULATION OF BLOOD VESSEL SIZE,GO:GO:0042311
117,ACE,Gene,treats,SEMMED,SEMMED Gene API,8389676,Disease,CARDIAC FAILURE CONGESTIVE,MONDO:MONDO:0005009,related_to,Translator Text Mining Provider,CORD Biological Process API,,Disease,POSITIVE REGULATION OF BLOOD VESSEL SIZE,GO:GO:0042311
118,ACE,Gene,related_to,scibite,Automat CORD19 Scibite API,,Disease,CARDIAC FAILURE CONGESTIVE,MONDO:MONDO:0005009,related_to,Translator Text Mining Provider,CORD Biological Process API,,Disease,POSITIVE REGULATION OF BLOOD VESSEL SIZE,GO:GO:0042311
119,ACE,Gene,related_to,scigraph,Automat CORD19 Scigraph API,,Disease,CARDIAC FAILURE CONGESTIVE,MONDO:MONDO:0005009,related_to,Translator Text Mining Provider,CORD Biological Process API,,Disease,POSITIVE REGULATION OF BLOOD VESSEL SIZE,GO:GO:0042311
120,ACE,Gene,related_to,SEMMED,SEMMED Gene API,"19636212,22223701",Disease,HYPERANDROGENEMIA,MONDO:MONDO:0008487,related_to,Translator Text Mining Provider,CORD Biological Process API,,Disease,POSITIVE REGULATION OF BLOOD VESSEL SIZE,GO:GO:0042311
121,ACE,Gene,related_to,Translator Text Mining Provider,CORD Gene API,,Disease,HYPERANDROGENEMIA,MONDO:MONDO:0008487,related_to,Translator Text Mining Provider,CORD Biological Process API,,Disease,POSITIVE REGULATION OF BLOOD VESSEL SIZE,GO:GO:0042311
122,ACE,Gene,related_to,DISEASE,DISEASES API,,Disease,HYPERANDROGENEMIA,MONDO:MONDO:0008487,related_to,Translator Text Mining Provider,CORD Biological Process API,,Disease,POSITIVE REGULATION OF BLOOD VESSEL SIZE,GO:GO:0042311
123,ACE,Gene,related_to,hetio,Automat Hetio API,,Disease,HYPERANDROGENEMIA,MONDO:MONDO:0008487,related_to,Translator Text Mining Provider,CORD Biological Process API,,Disease,POSITIVE REGULATION OF BLOOD VESSEL SIZE,GO:GO:0042311
124,ACE,Gene,related_to,DISEASE,DISEASES API,,Disease,INFLAMMATION OF RETINA,MONDO:MONDO:0002708,related_to,Translator Text Mining Provider,CORD Biological Process API,,Disease,POSITIVE REGULATION OF BLOOD VESSEL SIZE,GO:GO:0042311
125,ACE,Gene,affects,SEMMED,SEMMED Gene API,20004673,Disease,HYPERGLYCEMIA,MONDO:MONDO:0002909,related_to,Translator Text Mining Provider,CORD Biological Process API,,Disease,POSITIVE REGULATION OF BLOOD VESSEL SIZE,GO:GO:0042311
126,ACE,Gene,related_to,scigraph,Automat CORD19 Scigraph API,,Disease,HYPERGLYCEMIA,MONDO:MONDO:0002909,related_to,Translator Text Mining Provider,CORD Biological Process API,,Disease,POSITIVE REGULATION OF BLOOD VESSEL SIZE,GO:GO:0042311
127,ACE,Gene,related_to,DISEASE,DISEASES API,,Disease,HYPERGLYCEMIA,MONDO:MONDO:0002909,related_to,Translator Text Mining Provider,CORD Biological Process API,,Disease,POSITIVE REGULATION OF BLOOD VESSEL SIZE,GO:GO:0042311
128,ACE,Gene,related_to,SEMMED,SEMMED Gene API,"17579251,7807499,8170965,9011634,9728481",Disease,HEART ATTACK,MONDO:MONDO:0005068,related_to,Translator Text Mining Provider,CORD Biological Process API,,Disease,POSITIVE REGULATION OF BLOOD VESSEL SIZE,GO:GO:0042311
129,ACE,Gene,disrupts,SEMMED,SEMMED Gene API,"11401943,11934599,15940354,28448588,8869136,9115954",Disease,HEART ATTACK,MONDO:MONDO:0005068,related_to,Translator Text Mining Provider,CORD Biological Process API,,Disease,POSITIVE REGULATION OF BLOOD VESSEL SIZE,GO:GO:0042311
130,ACE,Gene,affects,SEMMED,SEMMED Gene API,"18523145,22461047,7586243",Disease,HEART ATTACK,MONDO:MONDO:0005068,related_to,Translator Text Mining Provider,CORD Biological Process API,,Disease,POSITIVE REGULATION OF BLOOD VESSEL SIZE,GO:GO:0042311
131,ACE,Gene,treats,SEMMED,SEMMED Gene API,8644984,Disease,HEART ATTACK,MONDO:MONDO:0005068,related_to,Translator Text Mining Provider,CORD Biological Process API,,Disease,POSITIVE REGULATION OF BLOOD VESSEL SIZE,GO:GO:0042311
132,ACE,Gene,related_to,disgenet,mydisease.info API,,Disease,HEART ATTACK,MONDO:MONDO:0005068,related_to,Translator Text Mining Provider,CORD Biological Process API,,Disease,POSITIVE REGULATION OF BLOOD VESSEL SIZE,GO:GO:0042311
133,ACE,Gene,related_to,Translator Text Mining Provider,CORD Gene API,,Disease,HEART ATTACK,MONDO:MONDO:0005068,related_to,Translator Text Mining Provider,CORD Biological Process API,,Disease,POSITIVE REGULATION OF BLOOD VESSEL SIZE,GO:GO:0042311
134,ACE,Gene,related_to,scibite,Automat CORD19 Scibite API,,Disease,HEART ATTACK,MONDO:MONDO:0005068,related_to,Translator Text Mining Provider,CORD Biological Process API,,Disease,POSITIVE REGULATION OF BLOOD VESSEL SIZE,GO:GO:0042311
135,ACE,Gene,related_to,scigraph,Automat CORD19 Scigraph API,,Disease,HEART ATTACK,MONDO:MONDO:0005068,related_to,Translator Text Mining Provider,CORD Biological Process API,,Disease,POSITIVE REGULATION OF BLOOD VESSEL SIZE,GO:GO:0042311
136,ACE,Gene,related_to,CTD,CTD API,1328889|8131300,Disease,HEART ATTACK,MONDO:MONDO:0005068,related_to,Translator Text Mining Provider,CORD Biological Process API,,Disease,POSITIVE REGULATION OF BLOOD VESSEL SIZE,GO:GO:0042311
137,ACE,Gene,related_to,SEMMED,SEMMED Gene API,"10821127,10904004,11048520,11875308,12778458,1662504,16876684,17478487,18758497,19379721,20435057,21342026,22072187,23314967,25357227,25916862,29027816,7773201,8390500,9160768,9489129,9524054",Disease,"BLOOD PRESSURE, HIGH",MONDO:MONDO:0005044,related_to,Translator Text Mining Provider,CORD Biological Process API,,Disease,POSITIVE REGULATION OF BLOOD VESSEL SIZE,GO:GO:0042311
138,ACE,Gene,disrupts,SEMMED,SEMMED Gene API,"11208752,11220886",Disease,"BLOOD PRESSURE, HIGH",MONDO:MONDO:0005044,related_to,Translator Text Mining Provider,CORD Biological Process API,,Disease,POSITIVE REGULATION OF BLOOD VESSEL SIZE,GO:GO:0042311
139,ACE,Gene,affects,SEMMED,SEMMED Gene API,7771576,Disease,"BLOOD PRESSURE, HIGH",MONDO:MONDO:0005044,related_to,Translator Text Mining Provider,CORD Biological Process API,,Disease,POSITIVE REGULATION OF BLOOD VESSEL SIZE,GO:GO:0042311
140,ACE,Gene,causes,SEMMED,SEMMED Gene API,"1390007,19930431,20020514,25009501,27754165",Disease,"BLOOD PRESSURE, HIGH",MONDO:MONDO:0005044,related_to,Translator Text Mining Provider,CORD Biological Process API,,Disease,POSITIVE REGULATION OF BLOOD VESSEL SIZE,GO:GO:0042311
141,ACE,Gene,treats,SEMMED,SEMMED Gene API,"12362316,12570788,12914653,15163476,15621121,1656269,1663362,16876684,18464595,20798958,20976065,21352096,24140975,24506807,24671847,25009501,25298685,25531679,27271312,27754165,2865784,6159943,9603529",Disease,"BLOOD PRESSURE, HIGH",MONDO:MONDO:0005044,related_to,Translator Text Mining Provider,CORD Biological Process API,,Disease,POSITIVE REGULATION OF BLOOD VESSEL SIZE,GO:GO:0042311
142,ACE,Gene,related_to,disgenet,mydisease.info API,,Disease,"BLOOD PRESSURE, HIGH",MONDO:MONDO:0005044,related_to,Translator Text Mining Provider,CORD Biological Process API,,Disease,POSITIVE REGULATION OF BLOOD VESSEL SIZE,GO:GO:0042311
143,ACE,Gene,related_to,Translator Text Mining Provider,CORD Gene API,,Disease,"BLOOD PRESSURE, HIGH",MONDO:MONDO:0005044,related_to,Translator Text Mining Provider,CORD Biological Process API,,Disease,POSITIVE REGULATION OF BLOOD VESSEL SIZE,GO:GO:0042311
144,ACE,Gene,related_to,DISEASE,DISEASES API,,Disease,"BLOOD PRESSURE, HIGH",MONDO:MONDO:0005044,related_to,Translator Text Mining Provider,CORD Biological Process API,,Disease,POSITIVE REGULATION OF BLOOD VESSEL SIZE,GO:GO:0042311
145,ACE,Gene,related_to,scibite,Automat CORD19 Scibite API,,Disease,"BLOOD PRESSURE, HIGH",MONDO:MONDO:0005044,related_to,Translator Text Mining Provider,CORD Biological Process API,,Disease,POSITIVE REGULATION OF BLOOD VESSEL SIZE,GO:GO:0042311
146,ACE,Gene,related_to,scigraph,Automat CORD19 Scigraph API,,Disease,"BLOOD PRESSURE, HIGH",MONDO:MONDO:0005044,related_to,Translator Text Mining Provider,CORD Biological Process API,,Disease,POSITIVE REGULATION OF BLOOD VESSEL SIZE,GO:GO:0042311
147,ACE,Gene,related_to,hetio,Automat Hetio API,,Disease,"BLOOD PRESSURE, HIGH",MONDO:MONDO:0005044,related_to,Translator Text Mining Provider,CORD Biological Process API,,Disease,POSITIVE REGULATION OF BLOOD VESSEL SIZE,GO:GO:0042311
148,ACE,Gene,related_to,CTD,CTD API,15773232|17473847|20237592|27847271,Disease,"BLOOD PRESSURE, HIGH",MONDO:MONDO:0005044,related_to,Translator Text Mining Provider,CORD Biological Process API,,Disease,POSITIVE REGULATION OF BLOOD VESSEL SIZE,GO:GO:0042311
149,ACE,Gene,related_to,scibite,Automat CORD19 Scibite API,,Disease,ATHEROGENESIS,MONDO:MONDO:0005311,related_to,Translator Text Mining Provider,CORD Biological Process API,,Disease,POSITIVE REGULATION OF BLOOD VESSEL SIZE,GO:GO:0042311
150,ACE,Gene,related_to,scigraph,Automat CORD19 Scigraph API,,Disease,ATHEROGENESIS,MONDO:MONDO:0005311,related_to,Translator Text Mining Provider,CORD Biological Process API,,Disease,POSITIVE REGULATION OF BLOOD VESSEL SIZE,GO:GO:0042311
151,ACE,Gene,related_to,hetio,Automat Hetio API,,Disease,ATHEROGENESIS,MONDO:MONDO:0005311,related_to,Translator Text Mining Provider,CORD Biological Process API,,Disease,POSITIVE REGULATION OF BLOOD VESSEL SIZE,GO:GO:0042311
152,ACE,Gene,related_to,DISEASE,DISEASES API,,Disease,ATHEROGENESIS,MONDO:MONDO:0005311,related_to,Translator Text Mining Provider,CORD Biological Process API,,Disease,POSITIVE REGULATION OF BLOOD VESSEL SIZE,GO:GO:0042311
153,ACE,Gene,related_to,SEMMED,SEMMED Gene API,16453109,Disease,PULMONARY HYPERTENSION,MONDO:MONDO:0005149,related_to,Translator Text Mining Provider,CORD Biological Process API,,Disease,POSITIVE REGULATION OF BLOOD VESSEL SIZE,GO:GO:0042311
154,ACE,Gene,related_to,disgenet,mydisease.info API,,Disease,PULMONARY HYPERTENSION,MONDO:MONDO:0005149,related_to,Translator Text Mining Provider,CORD Biological Process API,,Disease,POSITIVE REGULATION OF BLOOD VESSEL SIZE,GO:GO:0042311
155,ACE,Gene,related_to,scibite,Automat CORD19 Scibite API,,Disease,PULMONARY HYPERTENSION,MONDO:MONDO:0005149,related_to,Translator Text Mining Provider,CORD Biological Process API,,Disease,POSITIVE REGULATION OF BLOOD VESSEL SIZE,GO:GO:0042311
156,ACE,Gene,related_to,scigraph,Automat CORD19 Scigraph API,,Disease,PULMONARY HYPERTENSION,MONDO:MONDO:0005149,related_to,Translator Text Mining Provider,CORD Biological Process API,,Disease,POSITIVE REGULATION OF BLOOD VESSEL SIZE,GO:GO:0042311
157,ACE,Gene,related_to,pharos,Automat PHAROS API,,Disease,PULMONARY HYPERTENSION,MONDO:MONDO:0005149,related_to,Translator Text Mining Provider,CORD Biological Process API,,Disease,POSITIVE REGULATION OF BLOOD VESSEL SIZE,GO:GO:0042311
158,ACE,Gene,related_to,CTD,CTD API,12359135,Disease,PULMONARY HYPERTENSION,MONDO:MONDO:0005149,related_to,Translator Text Mining Provider,CORD Biological Process API,,Disease,POSITIVE REGULATION OF BLOOD VESSEL SIZE,GO:GO:0042311
159,ACE,Gene,related_to,Translator Text Mining Provider,CORD Gene API,,Disease,DIFFUSE SCLERODERMA,MONDO:MONDO:0005100,related_to,Translator Text Mining Provider,CORD Biological Process API,,Disease,POSITIVE REGULATION OF BLOOD VESSEL SIZE,GO:GO:0042311
160,ACE,Gene,related_to,DISEASE,DISEASES API,,Disease,DIFFUSE SCLERODERMA,MONDO:MONDO:0005100,related_to,Translator Text Mining Provider,CORD Biological Process API,,Disease,POSITIVE REGULATION OF BLOOD VESSEL SIZE,GO:GO:0042311
161,ACE,Gene,related_to,hetio,Automat Hetio API,,Disease,DIFFUSE SCLERODERMA,MONDO:MONDO:0005100,related_to,Translator Text Mining Provider,CORD Biological Process API,,Disease,POSITIVE REGULATION OF BLOOD VESSEL SIZE,GO:GO:0042311
162,ACE,Gene,related_to,scigraph,Automat CORD19 Scigraph API,,Disease,BLOOD CLOT,MONDO:MONDO:0000831,related_to,Translator Text Mining Provider,CORD Biological Process API,,Disease,POSITIVE REGULATION OF BLOOD VESSEL SIZE,GO:GO:0042311
163,ACE,Gene,related_to,DISEASE,DISEASES API,,Disease,BLOOD CLOT,MONDO:MONDO:0000831,related_to,Translator Text Mining Provider,CORD Biological Process API,,Disease,POSITIVE REGULATION OF BLOOD VESSEL SIZE,GO:GO:0042311
164,ACE,Gene,related_to,DISEASE,DISEASES API,,Disease,ENDOGENOUS HYPERINSULINISM,MONDO:MONDO:0002177,related_to,Translator Text Mining Provider,CORD Biological Process API,,Disease,POSITIVE REGULATION OF BLOOD VESSEL SIZE,GO:GO:0042311
165,ACE,Gene,related_to,DISEASE,DISEASES API,,Disease,HIVES,MONDO:MONDO:0005492,related_to,Translator Text Mining Provider,CORD Biological Process API,,Disease,POSITIVE REGULATION OF BLOOD VESSEL SIZE,GO:GO:0042311
166,ACE,Gene,disrupts,SEMMED,SEMMED Gene API,12374901,Disease,ISCHEMIA,MONDO:MONDO:0005053,related_to,Translator Text Mining Provider,CORD Biological Process API,,Disease,POSITIVE REGULATION OF BLOOD VESSEL SIZE,GO:GO:0042311
167,ACE,Gene,related_to,SEMMED,SEMMED Gene API,"14707868,18389599,2848654",Disease,CIRRHOSIS,MONDO:MONDO:0005155,related_to,Translator Text Mining Provider,CORD Biological Process API,,Disease,POSITIVE REGULATION OF BLOOD VESSEL SIZE,GO:GO:0042311
168,ACE,Gene,related_to,SEMMED,SEMMED Gene API,"15536282,16166274,19424597",Disease,CIRRHOSIS,MONDO:MONDO:0005155,related_to,Translator Text Mining Provider,CORD Biological Process API,,Disease,POSITIVE REGULATION OF BLOOD VESSEL SIZE,GO:GO:0042311
169,ACE,Gene,causes,SEMMED,SEMMED Gene API,28845018,Disease,CIRRHOSIS,MONDO:MONDO:0005155,related_to,Translator Text Mining Provider,CORD Biological Process API,,Disease,POSITIVE REGULATION OF BLOOD VESSEL SIZE,GO:GO:0042311
170,ACE,Gene,related_to,scigraph,Automat CORD19 Scigraph API,,Disease,CIRRHOSIS,MONDO:MONDO:0005155,related_to,Translator Text Mining Provider,CORD Biological Process API,,Disease,POSITIVE REGULATION OF BLOOD VESSEL SIZE,GO:GO:0042311
171,ACE,Gene,related_to,SEMMED,SEMMED Gene API,12454231,Disease,CEREBRAL INFARCTION,MONDO:MONDO:0011057,related_to,Translator Text Mining Provider,CORD Biological Process API,,Disease,POSITIVE REGULATION OF BLOOD VESSEL SIZE,GO:GO:0042311
172,ACE,Gene,related_to,scibite,Automat CORD19 Scibite API,,Disease,CEREBRAL INFARCTION,MONDO:MONDO:0011057,related_to,Translator Text Mining Provider,CORD Biological Process API,,Disease,POSITIVE REGULATION OF BLOOD VESSEL SIZE,GO:GO:0042311
173,ACE,Gene,related_to,scigraph,Automat CORD19 Scigraph API,,Disease,CEREBRAL INFARCTION,MONDO:MONDO:0011057,related_to,Translator Text Mining Provider,CORD Biological Process API,,Disease,POSITIVE REGULATION OF BLOOD VESSEL SIZE,GO:GO:0042311
175,ACE,Gene,related_to,CTD,CTD API,15534175,Disease,CEREBRAL INFARCTION,MONDO:MONDO:0011057,related_to,Translator Text Mining Provider,CORD Biological Process API,,Disease,POSITIVE REGULATION OF BLOOD VESSEL SIZE,GO:GO:0042311
176,ACE,Gene,related_to,DISEASE,DISEASES API,,Disease,CEREBRAL INFARCTION,MONDO:MONDO:0011057,related_to,Translator Text Mining Provider,CORD Biological Process API,,Disease,POSITIVE REGULATION OF BLOOD VESSEL SIZE,GO:GO:0042311
177,ACE,Gene,related_to,SEMMED,SEMMED Gene API,"1668846,2176061",Disease,ASTHMA,MONDO:MONDO:0004979,related_to,Translator Text Mining Provider,CORD Biological Process API,,Disease,POSITIVE REGULATION OF BLOOD VESSEL SIZE,GO:GO:0042311
178,ACE,Gene,treats,SEMMED,SEMMED Gene API,21439166,Disease,ASTHMA,MONDO:MONDO:0004979,related_to,Translator Text Mining Provider,CORD Biological Process API,,Disease,POSITIVE REGULATION OF BLOOD VESSEL SIZE,GO:GO:0042311
179,ACE,Gene,related_to,hetio,Automat Hetio API,,Disease,ASTHMA,MONDO:MONDO:0004979,related_to,Translator Text Mining Provider,CORD Biological Process API,,Disease,POSITIVE REGULATION OF BLOOD VESSEL SIZE,GO:GO:0042311
180,ACE,Gene,related_to,DISEASE,DISEASES API,,Disease,ASTHMA,MONDO:MONDO:0004979,related_to,Translator Text Mining Provider,CORD Biological Process API,,Disease,POSITIVE REGULATION OF BLOOD VESSEL SIZE,GO:GO:0042311
181,ACE,Gene,related_to,SEMMED,SEMMED Gene API,"17519002,8087820",Disease,ACUTE MYOCARDIAL INFARCTION,MONDO:MONDO:0004781,related_to,Translator Text Mining Provider,CORD Biological Process API,,Disease,POSITIVE REGULATION OF BLOOD VESSEL SIZE,GO:GO:0042311
182,ACE,Gene,disrupts,SEMMED,SEMMED Gene API,"2674435,8366150",Disease,ACUTE MYOCARDIAL INFARCTION,MONDO:MONDO:0004781,related_to,Translator Text Mining Provider,CORD Biological Process API,,Disease,POSITIVE REGULATION OF BLOOD VESSEL SIZE,GO:GO:0042311
183,ACE,Gene,related_to,Translator Text Mining Provider,CORD Gene API,,Disease,ACUTE MYOCARDIAL INFARCTION,MONDO:MONDO:0004781,related_to,Translator Text Mining Provider,CORD Biological Process API,,Disease,POSITIVE REGULATION OF BLOOD VESSEL SIZE,GO:GO:0042311
184,ACE,Gene,disrupts,SEMMED,SEMMED Gene API,12699703,Disease,"CLUSTER, SYMPTOM",MONDO:MONDO:0002254,related_to,Translator Text Mining Provider,CORD Biological Process API,,Disease,POSITIVE REGULATION OF BLOOD VESSEL SIZE,GO:GO:0042311
185,ACE,Gene,treats,SEMMED,SEMMED Gene API,25473886,Disease,"CLUSTER, SYMPTOM",MONDO:MONDO:0002254,related_to,Translator Text Mining Provider,CORD Biological Process API,,Disease,POSITIVE REGULATION OF BLOOD VESSEL SIZE,GO:GO:0042311
186,ACE,Gene,related_to,pharos,Automat PHAROS API,,Disease,CHOROIDITIDES,MONDO:MONDO:0001280,related_to,Translator Text Mining Provider,CORD Biological Process API,,Disease,POSITIVE REGULATION OF BLOOD VESSEL SIZE,GO:GO:0042311
187,ACE,Gene,related_to,DISEASE,DISEASES API,,Disease,CHOROIDITIDES,MONDO:MONDO:0001280,related_to,Translator Text Mining Provider,CORD Biological Process API,,Disease,POSITIVE REGULATION OF BLOOD VESSEL SIZE,GO:GO:0042311
188,ACE,Gene,related_to,Translator Text Mining Provider,CORD Gene API,,AnatomicalEntity,BOWEL,UBERON:UBERON:0000160,related_to,Translator Text Mining Provider,CORD Biological Process API,,AnatomicalEntity,POSITIVE REGULATION OF BLOOD VESSEL SIZE,GO:GO:0042311
189,ACE,Gene,related_to,Translator Text Mining Provider,CORD Gene API,,AnatomicalEntity,BLOOD,UBERON:UBERON:0000178,related_to,Translator Text Mining Provider,CORD Biological Process API,,AnatomicalEntity,POSITIVE REGULATION OF BLOOD VESSEL SIZE,GO:GO:0042311
190,ACE,Gene,related_to,Translator Text Mining Provider,CORD Gene API,,AnatomicalEntity,PORTION OF SKIN,UBERON:UBERON:0000014,related_to,Translator Text Mining Provider,CORD Biological Process API,,AnatomicalEntity,POSITIVE REGULATION OF BLOOD VESSEL SIZE,GO:GO:0042311
191,ACE,Gene,related_to,,BioLink API,,AnatomicalEntity,PORTION OF SKIN,UBERON:UBERON:0000014,related_to,Translator Text Mining Provider,CORD Biological Process API,,AnatomicalEntity,POSITIVE REGULATION OF BLOOD VESSEL SIZE,GO:GO:0042311
192,ACE,Gene,related_to,Translator Text Mining Provider,CORD Gene API,,AnatomicalEntity,ANATOMICAL UNIT,UBERON:UBERON:0000062,related_to,Translator Text Mining Provider,CORD Biological Process API,,AnatomicalEntity,POSITIVE REGULATION OF BLOOD VESSEL SIZE,GO:GO:0042311
193,ACE,Gene,related_to,Translator Text Mining Provider,CORD Gene API,,AnatomicalEntity,VESSEL,UBERON:UBERON:0000055,related_to,Translator Text Mining Provider,CORD Biological Process API,,AnatomicalEntity,POSITIVE REGULATION OF BLOOD VESSEL SIZE,GO:GO:0042311
194,ACE,Gene,related_to,Translator Text Mining Provider,CORD Gene API,,AnatomicalEntity,PORTION OF TISSUE,UBERON:UBERON:0000479,related_to,Translator Text Mining Provider,CORD Biological Process API,,AnatomicalEntity,POSITIVE REGULATION OF BLOOD VESSEL SIZE,GO:GO:0042311
195,ACE,Gene,related_to,Translator Text Mining Provider,CORD Gene API,,AnatomicalEntity,ORGANISMAL SEGMENT,UBERON:UBERON:0000914,related_to,Translator Text Mining Provider,CORD Biological Process API,,AnatomicalEntity,POSITIVE REGULATION OF BLOOD VESSEL SIZE,GO:GO:0042311
196,ACE,Gene,related_to,Translator Text Mining Provider,CORD Gene API,,AnatomicalEntity,CARDIUM,UBERON:UBERON:0000948,related_to,Translator Text Mining Provider,CORD Biological Process API,,AnatomicalEntity,POSITIVE REGULATION OF BLOOD VESSEL SIZE,GO:GO:0042311
197,ACE,Gene,related_to,Translator Text Mining Provider,CORD Gene API,,AnatomicalEntity,AORTA,UBERON:UBERON:0000947,related_to,Translator Text Mining Provider,CORD Biological Process API,,AnatomicalEntity,POSITIVE REGULATION OF BLOOD VESSEL SIZE,GO:GO:0042311
198,ACE,Gene,related_to,,BioLink API,,AnatomicalEntity,AORTA,UBERON:UBERON:0000947,related_to,Translator Text Mining Provider,CORD Biological Process API,,AnatomicalEntity,POSITIVE REGULATION OF BLOOD VESSEL SIZE,GO:GO:0042311
199,ACE,Gene,related_to,Translator Text Mining Provider,CORD Gene API,,AnatomicalEntity,ARTERIAL SUBTREE,UBERON:UBERON:0001637,related_to,Translator Text Mining Provider,CORD Biological Process API,,AnatomicalEntity,POSITIVE REGULATION OF BLOOD VESSEL SIZE,GO:GO:0042311
200,ACE,Gene,related_to,Translator Text Mining Provider,CORD Gene API,,AnatomicalEntity,CORONARY ARTERIAL TREE,UBERON:UBERON:0001621,related_to,Translator Text Mining Provider,CORD Biological Process API,,AnatomicalEntity,POSITIVE REGULATION OF BLOOD VESSEL SIZE,GO:GO:0042311
201,ACE,Gene,related_to,,BioLink API,,AnatomicalEntity,CORONARY ARTERIAL TREE,UBERON:UBERON:0001621,related_to,Translator Text Mining Provider,CORD Biological Process API,,AnatomicalEntity,POSITIVE REGULATION OF BLOOD VESSEL SIZE,GO:GO:0042311
202,ACE,Gene,related_to,Translator Text Mining Provider,CORD Gene API,,AnatomicalEntity,ENDOTHELIUM,UBERON:UBERON:0001986,related_to,Translator Text Mining Provider,CORD Biological Process API,,AnatomicalEntity,POSITIVE REGULATION OF BLOOD VESSEL SIZE,GO:GO:0042311
203,ACE,Gene,related_to,Translator Text Mining Provider,CORD Gene API,,AnatomicalEntity,BLOOD SERUM,UBERON:UBERON:0001977,related_to,Translator Text Mining Provider,CORD Biological Process API,,AnatomicalEntity,POSITIVE REGULATION OF BLOOD VESSEL SIZE,GO:GO:0042311
204,ACE,Gene,related_to,Translator Text Mining Provider,CORD Gene API,,Disease,PAD,UBERON:UBERON:2001977,related_to,Translator Text Mining Provider,CORD Biological Process API,,AnatomicalEntity,POSITIVE REGULATION OF BLOOD VESSEL SIZE,GO:GO:0042311
205,ACE,Gene,related_to,DISEASE,DISEASES API,,Disease,PAD,UBERON:UBERON:2001977,related_to,Translator Text Mining Provider,CORD Biological Process API,,AnatomicalEntity,POSITIVE REGULATION OF BLOOD VESSEL SIZE,GO:GO:0042311
206,ACE,Gene,related_to,Translator Text Mining Provider,CORD Gene API,,AnatomicalEntity,PAD,UBERON:UBERON:2001977,related_to,Translator Text Mining Provider,CORD Biological Process API,,AnatomicalEntity,POSITIVE REGULATION OF BLOOD VESSEL SIZE,GO:GO:0042311
207,ACE,Gene,related_to,Translator Text Mining Provider,CORD Gene API,,AnatomicalEntity,KIDNEY,UBERON:UBERON:0002113,related_to,Translator Text Mining Provider,CORD Biological Process API,,AnatomicalEntity,POSITIVE REGULATION OF BLOOD VESSEL SIZE,GO:GO:0042311
208,ACE,Gene,related_to,Translator Text Mining Provider,CORD Gene API,,AnatomicalEntity,IECUR,UBERON:UBERON:0002107,related_to,Translator Text Mining Provider,CORD Biological Process API,,AnatomicalEntity,POSITIVE REGULATION OF BLOOD VESSEL SIZE,GO:GO:0042311
209,ACE,Gene,related_to,Translator Text Mining Provider,CORD Gene API,,AnatomicalEntity,LUNG,MONDO:MONDO:0021117,related_to,Translator Text Mining Provider,CORD Biological Process API,,AnatomicalEntity,POSITIVE REGULATION OF BLOOD VESSEL SIZE,GO:GO:0042311
210,ACE,Gene,related_to,disgenet,mydisease.info API,,Disease,LUNG,MONDO:MONDO:0021117,related_to,Translator Text Mining Provider,CORD Biological Process API,,AnatomicalEntity,POSITIVE REGULATION OF BLOOD VESSEL SIZE,GO:GO:0042311
211,ACE,Gene,related_to,Translator Text Mining Provider,CORD Gene API,,Gene,VPS51,NCBIGene:738,related_to,Translator Text Mining Provider,CORD Biological Process API,,Gene,POSITIVE REGULATION OF BLOOD VESSEL SIZE,GO:GO:0042311
212,ACE,Gene,related_to,Translator Text Mining Provider,CORD Gene API,,Gene,CASP14,NCBIGene:23581,related_to,Translator Text Mining Provider,CORD Biological Process API,,Gene,POSITIVE REGULATION OF BLOOD VESSEL SIZE,GO:GO:0042311
213,ACE,Gene,related_to,Translator Text Mining Provider,CORD Gene API,,Gene,IL4,NCBIGene:3565,related_to,Translator Text Mining Provider,CORD Biological Process API,,Gene,POSITIVE REGULATION OF BLOOD VESSEL SIZE,GO:GO:0042311
214,ACE,Gene,negatively_regulated_by,SEMMED,SEMMED Gene API,"4374876,7700069",Gene,INS,NCBIGene:3630,related_to,Translator Text Mining Provider,CORD Biological Process API,,Gene,POSITIVE REGULATION OF BLOOD VESSEL SIZE,GO:GO:0042311
215,ACE,Gene,physically_interacts_with,,BioLink API,,Gene,INS,NCBIGene:3630,related_to,Translator Text Mining Provider,CORD Biological Process API,,Gene,POSITIVE REGULATION OF BLOOD VESSEL SIZE,GO:GO:0042311
216,ACE,Gene,related_to,Translator Text Mining Provider,CORD Gene API,,Gene,KNG1,NCBIGene:3827,related_to,Translator Text Mining Provider,CORD Biological Process API,,Gene,POSITIVE REGULATION OF BLOOD VESSEL SIZE,GO:GO:0042311
217,ACE,Gene,physically_interacts_with,,BioLink API,,Gene,KNG1,NCBIGene:3827,related_to,Translator Text Mining Provider,CORD Biological Process API,,Gene,POSITIVE REGULATION OF BLOOD VESSEL SIZE,GO:GO:0042311
218,ACE,Gene,related_to,Translator Text Mining Provider,CORD Gene API,,Gene,CST12P,NCBIGene:106478911,related_to,Translator Text Mining Provider,CORD Biological Process API,,Gene,POSITIVE REGULATION OF BLOOD VESSEL SIZE,GO:GO:0042311
219,ACE,Gene,related_to,Translator Text Mining Provider,CORD Gene API,,Gene,SNORA62,NCBIGene:6044,related_to,Translator Text Mining Provider,CORD Biological Process API,,Gene,POSITIVE REGULATION OF BLOOD VESSEL SIZE,GO:GO:0042311
220,ACE,Gene,related_to,Translator Text Mining Provider,CORD Gene API,,Gene,RHO,NCBIGene:6010,related_to,Translator Text Mining Provider,CORD Biological Process API,,Gene,POSITIVE REGULATION OF BLOOD VESSEL SIZE,GO:GO:0042311
221,ACE,Gene,related_to,Translator Text Mining Provider,CORD Gene API,,Gene,SGCG,NCBIGene:6445,related_to,Translator Text Mining Provider,CORD Biological Process API,,Gene,POSITIVE REGULATION OF BLOOD VESSEL SIZE,GO:GO:0042311
222,ACE,Gene,related_to,Translator Text Mining Provider,CORD Gene API,,Gene,CRP,NCBIGene:1401,related_to,Translator Text Mining Provider,CORD Biological Process API,,Gene,POSITIVE REGULATION OF BLOOD VESSEL SIZE,GO:GO:0042311
223,ACE,Gene,physically_interacts_with,,BioLink API,,Gene,CRP,NCBIGene:1401,related_to,Translator Text Mining Provider,CORD Biological Process API,,Gene,POSITIVE REGULATION OF BLOOD VESSEL SIZE,GO:GO:0042311
224,ACE,Gene,related_to,Translator Text Mining Provider,CORD Gene API,,Gene,CS,NCBIGene:1431,related_to,Translator Text Mining Provider,CORD Biological Process API,,Gene,POSITIVE REGULATION OF BLOOD VESSEL SIZE,GO:GO:0042311
225,ACE,Gene,related_to,Translator Text Mining Provider,CORD Gene API,,Gene,SLC25A5,NCBIGene:292,related_to,Translator Text Mining Provider,CORD Biological Process API,,Gene,POSITIVE REGULATION OF BLOOD VESSEL SIZE,GO:GO:0042311
226,ACE,Gene,positively_regulates,SEMMED,SEMMED Gene API,"22320249,22720416,26354381,28803266,8968386",Gene,ACE,NCBIGene:1636,related_to,Translator Text Mining Provider,CORD Biological Process API,,Gene,POSITIVE REGULATION OF BLOOD VESSEL SIZE,GO:GO:0042311
227,ACE,Gene,physically_interacts_with,SEMMED,SEMMED Gene API,"19458960,2450634,8382480",Gene,ACE,NCBIGene:1636,related_to,Translator Text Mining Provider,CORD Biological Process API,,Gene,POSITIVE REGULATION OF BLOOD VESSEL SIZE,GO:GO:0042311
228,ACE,Gene,negatively_regulates,SEMMED,SEMMED Gene API,"11994001,12716812,16630557,21917089,24659436,3009378",Gene,ACE,NCBIGene:1636,related_to,Translator Text Mining Provider,CORD Biological Process API,,Gene,POSITIVE REGULATION OF BLOOD VESSEL SIZE,GO:GO:0042311
229,ACE,Gene,negatively_regulated_by,SEMMED,SEMMED Gene API,"11994001,12716812,16630557,21917089,24659436,3009378",Gene,ACE,NCBIGene:1636,related_to,Translator Text Mining Provider,CORD Biological Process API,,Gene,POSITIVE REGULATION OF BLOOD VESSEL SIZE,GO:GO:0042311
230,ACE,Gene,positively_regulated_by,SEMMED,SEMMED Gene API,"22320249,22720416,26354381,28803266,8968386",Gene,ACE,NCBIGene:1636,related_to,Translator Text Mining Provider,CORD Biological Process API,,Gene,POSITIVE REGULATION OF BLOOD VESSEL SIZE,GO:GO:0042311
231,ACE,Gene,related_to,Translator Text Mining Provider,CORD Gene API,,Gene,DLAT,NCBIGene:1737,related_to,Translator Text Mining Provider,CORD Biological Process API,,Gene,POSITIVE REGULATION OF BLOOD VESSEL SIZE,GO:GO:0042311
232,ACE,Gene,related_to,Translator Text Mining Provider,CORD Gene API,,Gene,NMS,NCBIGene:129521,related_to,Translator Text Mining Provider,CORD Biological Process API,,Gene,POSITIVE REGULATION OF BLOOD VESSEL SIZE,GO:GO:0042311
233,ACE,Gene,related_to,Translator Text Mining Provider,CORD Gene API,,Gene,MITF,NCBIGene:4286,related_to,Translator Text Mining Provider,CORD Biological Process API,,Gene,POSITIVE REGULATION OF BLOOD VESSEL SIZE,GO:GO:0042311
234,ACE,Gene,related_to,Translator Text Mining Provider,CORD Gene API,,Gene,MICE,NCBIGene:4280,related_to,Translator Text Mining Provider,CORD Biological Process API,,Gene,POSITIVE REGULATION OF BLOOD VESSEL SIZE,GO:GO:0042311
235,ACE,Gene,physically_interacts_with,SEMMED,SEMMED Gene API,14671555,Gene,NOS3,NCBIGene:4846,related_to,Translator Text Mining Provider,CORD Biological Process API,,Gene,POSITIVE REGULATION OF BLOOD VESSEL SIZE,GO:GO:0042311
236,ACE,Gene,physically_interacts_with,,BioLink API,,Gene,NOS3,NCBIGene:4846,related_to,Translator Text Mining Provider,CORD Biological Process API,,Gene,POSITIVE REGULATION OF BLOOD VESSEL SIZE,GO:GO:0042311
237,ACE,Gene,related_to,Translator Text Mining Provider,CORD Gene API,,Gene,TAC1,NCBIGene:6863,related_to,Translator Text Mining Provider,CORD Biological Process API,,Gene,POSITIVE REGULATION OF BLOOD VESSEL SIZE,GO:GO:0042311
238,ACE,Gene,related_to,Translator Text Mining Provider,CORD Gene API,,Gene,DPP4,NCBIGene:1803,related_to,Translator Text Mining Provider,CORD Biological Process API,,Gene,POSITIVE REGULATION OF BLOOD VESSEL SIZE,GO:GO:0042311
239,ACE,Gene,physically_interacts_with,,BioLink API,,Gene,DPP4,NCBIGene:1803,related_to,Translator Text Mining Provider,CORD Biological Process API,,Gene,POSITIVE REGULATION OF BLOOD VESSEL SIZE,GO:GO:0042311
240,ACE,Gene,related_to,Translator Text Mining Provider,CORD Gene API,,Gene,TH,NCBIGene:7054,related_to,Translator Text Mining Provider,CORD Biological Process API,,Gene,POSITIVE REGULATION OF BLOOD VESSEL SIZE,GO:GO:0042311
241,ACE,Gene,physically_interacts_with,,BioLink API,,Gene,EDN1,NCBIGene:1906,related_to,Translator Text Mining Provider,CORD Biological Process API,,Gene,POSITIVE REGULATION OF BLOOD VESSEL SIZE,GO:GO:0042311
242,ACE,Gene,physically_interacts_with,SEMMED,SEMMED Gene API,17892857,Gene,MTOR,NCBIGene:2475,related_to,Translator Text Mining Provider,CORD Biological Process API,,Gene,POSITIVE REGULATION OF BLOOD VESSEL SIZE,GO:GO:0042311
243,ACE,Gene,related_to,Translator Text Mining Provider,CORD Gene API,,Gene,PAH,NCBIGene:5053,related_to,Translator Text Mining Provider,CORD Biological Process API,,Gene,POSITIVE REGULATION OF BLOOD VESSEL SIZE,GO:GO:0042311
244,ACE,Gene,related_to,Translator Text Mining Provider,CORD Gene API,,Gene,PCYT2,NCBIGene:5833,related_to,Translator Text Mining Provider,CORD Biological Process API,,Gene,POSITIVE REGULATION OF BLOOD VESSEL SIZE,GO:GO:0042311
245,ACE,Gene,physically_interacts_with,SEMMED,SEMMED Gene API,349114,Gene,ACHE,NCBIGene:43,related_to,Translator Text Mining Provider,CORD Biological Process API,,Gene,POSITIVE REGULATION OF BLOOD VESSEL SIZE,GO:GO:0042311
246,ACE,Gene,positively_regulates,SEMMED,SEMMED Gene API,"22523556,28445944",Gene,AKT1,NCBIGene:207,related_to,Translator Text Mining Provider,CORD Biological Process API,,Gene,POSITIVE REGULATION OF BLOOD VESSEL SIZE,GO:GO:0042311
247,ACE,Gene,related_to,Translator Text Mining Provider,CORD Gene API,,Gene,AMH,NCBIGene:268,related_to,Translator Text Mining Provider,CORD Biological Process API,,Gene,POSITIVE REGULATION OF BLOOD VESSEL SIZE,GO:GO:0042311
248,ACE,Gene,physically_interacts_with,SEMMED,SEMMED Gene API,"15273828,15283675,15596114,23013041,23724017,26102690,9710808",Gene,ANG,NCBIGene:283,related_to,Translator Text Mining Provider,CORD Biological Process API,,Gene,POSITIVE REGULATION OF BLOOD VESSEL SIZE,GO:GO:0042311
249,ACE,Gene,negatively_regulates,SEMMED,SEMMED Gene API,"19846570,20467589,21186269,23408648",Gene,ANG,NCBIGene:283,related_to,Translator Text Mining Provider,CORD Biological Process API,,Gene,POSITIVE REGULATION OF BLOOD VESSEL SIZE,GO:GO:0042311
250,ACE,Gene,negatively_regulated_by,SEMMED,SEMMED Gene API,"10458520,1874031,19698082,22513176,22804930,25801006,28209222",Gene,ANG,NCBIGene:283,related_to,Translator Text Mining Provider,CORD Biological Process API,,Gene,POSITIVE REGULATION OF BLOOD VESSEL SIZE,GO:GO:0042311
251,ACE,Gene,physically_interacts_with,SEMMED,SEMMED Gene API,"15273828,15283675,15596114,23013041,23724017",Gene,ANG,NCBIGene:283,related_to,Translator Text Mining Provider,CORD Biological Process API,,Gene,POSITIVE REGULATION OF BLOOD VESSEL SIZE,GO:GO:0042311
252,ACE,Gene,negatively_regulates,SEMMED,SEMMED Gene API,"21186269,23408648",Gene,ANG,NCBIGene:283,related_to,Translator Text Mining Provider,CORD Biological Process API,,Gene,POSITIVE REGULATION OF BLOOD VESSEL SIZE,GO:GO:0042311
254,ACE,Gene,related_to,Translator Text Mining Provider,CORD Gene API,,Gene,ANG,NCBIGene:283,related_to,Translator Text Mining Provider,CORD Biological Process API,,Gene,POSITIVE REGULATION OF BLOOD VESSEL SIZE,GO:GO:0042311
255,ACE,Gene,related_to,Translator Text Mining Provider,CORD Gene API,,Gene,RHOD,NCBIGene:29984,related_to,Translator Text Mining Provider,CORD Biological Process API,,Gene,POSITIVE REGULATION OF BLOOD VESSEL SIZE,GO:GO:0042311
256,ACE,Gene,related_to,Translator Text Mining Provider,CORD Gene API,,Gene,ATP6V0A4,NCBIGene:50617,related_to,Translator Text Mining Provider,CORD Biological Process API,,Gene,POSITIVE REGULATION OF BLOOD VESSEL SIZE,GO:GO:0042311
257,ACE,Gene,negatively_regulates,SEMMED,SEMMED Gene API,24766544,Gene,ALDH7A1,NCBIGene:501,related_to,Translator Text Mining Provider,CORD Biological Process API,,Gene,POSITIVE REGULATION OF BLOOD VESSEL SIZE,GO:GO:0042311
258,ACE,Gene,related_to,Translator Text Mining Provider,CORD Gene API,,Gene,OLFM1,NCBIGene:10439,related_to,Translator Text Mining Provider,CORD Biological Process API,,Gene,POSITIVE REGULATION OF BLOOD VESSEL SIZE,GO:GO:0042311
259,ACE,Gene,related_to,Translator Text Mining Provider,CORD Gene API,,Gene,PLP2,NCBIGene:5355,related_to,Translator Text Mining Provider,CORD Biological Process API,,Gene,POSITIVE REGULATION OF BLOOD VESSEL SIZE,GO:GO:0042311
260,ACE,Gene,related_to,Translator Text Mining Provider,CORD Gene API,,Gene,PPIB,NCBIGene:5479,related_to,Translator Text Mining Provider,CORD Biological Process API,,Gene,POSITIVE REGULATION OF BLOOD VESSEL SIZE,GO:GO:0042311
261,ACE,Gene,positively_regulates,SEMMED,SEMMED Gene API,"170788,171913,8569086",Gene,REN,NCBIGene:5972,related_to,Translator Text Mining Provider,CORD Biological Process API,,Gene,POSITIVE REGULATION OF BLOOD VESSEL SIZE,GO:GO:0042311
262,ACE,Gene,negatively_regulates,SEMMED,SEMMED Gene API,"1347257,18829990,24678880",Gene,REN,NCBIGene:5972,related_to,Translator Text Mining Provider,CORD Biological Process API,,Gene,POSITIVE REGULATION OF BLOOD VESSEL SIZE,GO:GO:0042311
263,ACE,Gene,negatively_regulated_by,SEMMED,SEMMED Gene API,"11181406,12184998,14504926,17376010,9386177,9701782",Gene,REN,NCBIGene:5972,related_to,Translator Text Mining Provider,CORD Biological Process API,,Gene,POSITIVE REGULATION OF BLOOD VESSEL SIZE,GO:GO:0042311
264,ACE,Gene,negatively_regulated_by,SEMMED,SEMMED Gene API,11181406,Gene,REN,NCBIGene:5972,related_to,Translator Text Mining Provider,CORD Biological Process API,,Gene,POSITIVE REGULATION OF BLOOD VESSEL SIZE,GO:GO:0042311
265,ACE,Gene,related_to,Translator Text Mining Provider,CORD Gene API,,Gene,REN,NCBIGene:5972,related_to,Translator Text Mining Provider,CORD Biological Process API,,Gene,POSITIVE REGULATION OF BLOOD VESSEL SIZE,GO:GO:0042311
266,ACE,Gene,physically_interacts_with,,BioLink API,,Gene,REN,NCBIGene:5972,related_to,Translator Text Mining Provider,CORD Biological Process API,,Gene,POSITIVE REGULATION OF BLOOD VESSEL SIZE,GO:GO:0042311
267,ACE,Gene,related_to,Translator Text Mining Provider,CORD Gene API,,Gene,IGKV5-2,NCBIGene:28907,related_to,Translator Text Mining Provider,CORD Biological Process API,,Gene,POSITIVE REGULATION OF BLOOD VESSEL SIZE,GO:GO:0042311
268,ACE,Gene,related_to,Translator Text Mining Provider,CORD Gene API,,Gene,DHX40,NCBIGene:79665,related_to,Translator Text Mining Provider,CORD Biological Process API,,Gene,POSITIVE REGULATION OF BLOOD VESSEL SIZE,GO:GO:0042311
269,ACE,Gene,related_to,Translator Text Mining Provider,CORD Gene API,,Gene,PADI4,NCBIGene:23569,related_to,Translator Text Mining Provider,CORD Biological Process API,,Gene,POSITIVE REGULATION OF BLOOD VESSEL SIZE,GO:GO:0042311
270,ACE,Gene,related_to,Translator Text Mining Provider,CORD Gene API,,Gene,RND1,NCBIGene:27289,related_to,Translator Text Mining Provider,CORD Biological Process API,,Gene,POSITIVE REGULATION OF BLOOD VESSEL SIZE,GO:GO:0042311
271,ACE,Gene,related_to,Translator Text Mining Provider,CORD Gene API,,BiologicalProcess,NEGATIVE REGULATION OF BLOOD VESSEL SIZE,GO:GO:0042310,related_to,Translator Text Mining Provider,CORD Biological Process API,,BiologicalProcess,POSITIVE REGULATION OF BLOOD VESSEL SIZE,GO:GO:0042311
272,ACE,Gene,related_to,Translator Text Mining Provider,CORD Gene API,,BiologicalProcess,BREAKDOWN,GO:GO:0009056,related_to,Translator Text Mining Provider,CORD Biological Process API,,BiologicalProcess,POSITIVE REGULATION OF BLOOD VESSEL SIZE,GO:GO:0042311
273,ACE,Gene,related_to,Translator Text Mining Provider,CORD Gene API,,BiologicalProcess,FERMENTATION,GO:GO:0006113,related_to,Translator Text Mining Provider,CORD Biological Process API,,BiologicalProcess,POSITIVE REGULATION OF BLOOD VESSEL SIZE,GO:GO:0042311
274,ACE,Gene,related_to,Translator Text Mining Provider,CORD Gene API,,BiologicalProcess,MEMORY,GO:GO:0007613,related_to,Translator Text Mining Provider,CORD Biological Process API,,BiologicalProcess,POSITIVE REGULATION OF BLOOD VESSEL SIZE,GO:GO:0042311
275,ACE,Gene,related_to,Translator Text Mining Provider,CORD Gene API,,BiologicalProcess,MENOPAUSE,GO:GO:0042697,related_to,Translator Text Mining Provider,CORD Biological Process API,,BiologicalProcess,POSITIVE REGULATION OF BLOOD VESSEL SIZE,GO:GO:0042311
276,ACE,Gene,disrupts,SEMMED,SEMMED Gene API,24944770,Disease,INFLAMMATION,UMLS:C0021368,related_to,Translator Text Mining Provider,CORD Biological Process API,,BiologicalProcess,POSITIVE REGULATION OF BLOOD VESSEL SIZE,GO:GO:0042311
277,ACE,Gene,affects,SEMMED,SEMMED Gene API,22283779,Disease,INFLAMMATION,UMLS:C0021368,related_to,Translator Text Mining Provider,CORD Biological Process API,,BiologicalProcess,POSITIVE REGULATION OF BLOOD VESSEL SIZE,GO:GO:0042311
278,ACE,Gene,causes,SEMMED,SEMMED Gene API,11847192,Disease,INFLAMMATION,UMLS:C0021368,related_to,Translator Text Mining Provider,CORD Biological Process API,,BiologicalProcess,POSITIVE REGULATION OF BLOOD VESSEL SIZE,GO:GO:0042311
